select * from departments
select * from staff
select * from pass
select * from access_groups
select * from purpose
select * from access_controller
select * from group_consists
select * from access_facts
select * from users

INSERT INTO users (login, passphrase, user_role) VALUES
    ('boris', 'CV', 'Admin'),
    ('control0', '0', 'Controller'),
    ('andrey', '228', 'HR'),
    ('stepan', 'zaonima', 'PD');
	
INSERT INTO departments (department_name, address, chief_fio, activity_type) VALUES
('Дирекция АЭС', 'г. Удомля, КАЭС, корпус А', 'Тимофеев Андрей Викторович', 'Общее руководство'),
('Реакторный цех (РЦ)', 'г. Удомля, КАЭС, корпус Б', 'Сергеев Дмитрий Николаевич', 'Эксплуатация реакторов'),
('Турбинный цех (ТЦ)', 'г. Удомля, КАЭС, корпус В', 'Кузнецов Павел Сергеевич', 'Выработка пара и электроэнергии'),
('Цех тепловой автоматики (ЦТА)', 'г. Удомля, КАЭС, корпус Г', 'Михайлова Елена Владимировна', 'Автоматизация и КИПиА'),
('Служба физической защиты (СФЗ)', 'г. Удомля, КАЭС, КПП-1', 'Воробьёв Игорь Петрович', 'Контроль доступа и безопасность'),
('Инженерно-технический центр (ИТЦ)', 'г. Удомля, КАЭС, корпус Д', 'Соколов Роман Олегович', 'Разработка и сопровождение ПО'),
('Отдел кадров', 'г. Удомля, ул. Атомщиков, 2', 'Волкова Татьяна Ивановна', 'Учёт персонала'),
('Ремонтный цех', 'г. Удомля, КАЭС, корпус Е', 'Лебедев Михаил Юрьевич', 'Ремонт оборудования'),
('Внешний отдел пропусков', 'г. Удомля, ЦОИ', 'Щербина Борис Павлович', 'Контроль доступа и безопасность');

INSERT INTO staff (fio, position_name, is_work, department_id) VALUES
('Степанов Иван Петрович', 'Оператор реактора', True, 2),
('Морозов Алексей Викторович', 'Инженер-физик', True, 2),
('Козлова Светлана Николаевна', 'Техник-дозиметрист', True, 2),
('Новиков Григорий Андреевич', 'Машинист турбин', True, 3),
('Орлова Екатерина Дмитриевна', 'Инженер-турбинист', True, 3),
('Васильев Сергей Владимирович', 'Слесарь', False, 3),
('Андреева Ольга Викторовна', 'Инженер КИПиА', True, 4),
('Тихонов Денис Михайлович', 'Старший инженер', True, 4),
('Беляков Артём Игоревич', 'Техник', True, 4),
('Дроздов Владимир Сергеевич', 'Начальник смены охраны', True, 5),
('Зайцев Станислав Александрович', 'Инспектор КПП', True, 5),
('Кравченко Виталий Андреевич', 'Инспектор КПП', True, 5),
('Громова Анастасия Павловна', 'Диспетчер СКУД', True, 5),
('Соловьёв Артём Дмитриевич', 'Системный администратор', True, 6),
('Власов Евгений Николаевич', 'Программист СКУД', True, 6),
('Медведева Ирина Сергеевна', 'Специалист по базам данных', True, 6),
('Тимофеев Андрей Викторович', 'Директор', True, 1),
('Симонова Лариса Юрьевна', 'Секретарь', True, 1),
('Кузьмина Оксана Александровна', 'Начальник ОК', True, 7),
('Трофимов Илья Васильевич', 'Специалист по пропускам', True, 7),
('Шишкин Пётр Олегович', 'Электрогазосварщик', True, 8),
('Комаров Николай Иванович', 'Механик', True, 8),
('Терентьев Роман Денисович', 'Электрик', True, 8),
('Емельянова Виктория Евгеньевна', 'Инженер-сметчик', True, 7),
('Баранов Алексей Максимович', 'Стажёр', True, 2),
('Щербина Борис Павлович', 'Начальник отдела пропусков', True, 9),
('Морозова Ирина Александровна', 'Ведущий специалист пропускной системы', True, 9),
('Королёв Дмитрий Сергеевич', 'Инспектор пропускного режима', True, 9);

INSERT INTO pass (issue_date, expiration_date, staff_id, pass_department_id) VALUES
('2024-01-15', '2026-01-14', 1, 2),
('2024-02-01', '2026-01-31', 2, 2),
('2023-12-10', '2025-12-09', 3, 2),
('2024-03-20', '2026-03-19', 4, 3),
('2024-01-25', '2026-01-24', 5, 3),
('2022-05-14', '2024-05-13', 6, 3),
('2024-06-10', '2026-06-09', 7, 4),
('2023-09-01', '2025-08-31', 8, 4),
('2024-11-05', '2026-11-04', 9, 4),
('2024-07-15', '2026-07-14', 10, 5),
('2024-08-20', '2026-08-19', 11, 5),
('2024-09-10', '2026-09-09', 12, 5),
('2023-10-01', '2025-09-30', 13, 5),
('2024-02-17', '2026-02-16', 14, 6),
('2024-04-22', '2026-04-21', 15, 6),
('2024-01-13', '2026-01-12', 16, 6),
('2023-12-05', '2025-12-04', 17, 1),
('2024-05-30', '2026-05-29', 18, 1),
('2024-10-11', '2026-10-10', 19, 7),
('2024-03-03', '2026-03-02', 20, 7),
('2024-06-18', '2026-06-17', 21, 8),
('2024-07-22', '2026-07-21', 22, 8),
('2024-08-30', '2026-08-29', 23, 8),
('2024-09-14', '2026-09-13', 24, 7),
('2024-01-20', '2025-12-31', 25, 2),
('2024-11-01', '2026-10-31', 1, 2),
('2024-11-02', '2026-11-01', 10, 5),
('2024-11-03', '2026-11-02', 14, 6),
('2024-11-04', '2026-11-03', 17, 1),
('2024-11-05', '2026-11-04', 19, 7),
('2024-11-06', '2026-11-05', 26, 9),
('2024-11-07', '2026-11-06', 27, 9),
('2024-11-08', '2026-11-07', 28, 9);

INSERT INTO access_groups (group_name, change_date) VALUES
('Зона строгого режима - Реакторный зал', '2024-01-01'),
('Зона контроля доступа - Блок А', '2024-01-01'),
('Турбинный зал - всё оборудование', '2024-02-10'),
('Пульт управления реактором', '2024-03-15'),
('ЦТА - серверная', '2024-04-20'),
('ЦТА - КИПиА цех', '2024-04-20'),
('СФЗ - центральный КПП', '2024-05-01'),
('СФЗ - периметр', '2024-05-01'),
('ИТЦ - техзона разработки', '2024-06-10'),
('Дирекция - блок кабинетов А', '2024-07-01'),
('Архив секретной документации', '2024-08-15'),
('Ремонтная мастерская', '2024-09-01'),
('Дозиметрический контроль', '2024-01-10'),
('Аварийный выход №3', '2024-03-01'),
('Склад ядерных материалов', '2024-05-15'),
('Бытовка персонала', '2024-02-01'),
('Столовая АЭС', '2024-02-01'),
('Медпункт', '2024-02-01'),
('Лаборатория анализов', '2024-04-01'),
('Комната охраны труда', '2024-06-01'),
('Зона техобслуживания турбин', '2024-07-01'),
('Административный корпус', '2024-01-20'),
('Гостевой пропускной пункт', '2024-10-01'),
('Центральный архив', '2024-11-01'),
('Хранилище спецодежды', '2024-05-01'),
('Учебный центр', '2024-09-01'),
('Криптографический отдел', '2024-12-01'),
('Модуль ГРУ-1', '2024-03-10'),
('Модуль ГРУ-2', '2024-03-10'),
('Зона перегрузки топлива', '2024-06-15'),
('Комната СКУД-администрирования', '2024-11-20'),
('Внешний отдел пропусков - АБК', '2024-11-01'),
('Центр обработки заявок', '2024-11-01');

INSERT INTO purpose (issue_date, expiration_date, pass_id, group_id) VALUES
('2024-01-15', '2026-01-14', 1, 1),
('2024-01-15', '2026-01-14', 1, 2),
('2024-02-01', '2026-01-31', 2, 1),
('2024-02-01', '2026-01-31', 2, 4),
('2023-12-10', '2025-12-09', 3, 2),
('2023-12-10', '2025-12-09', 3, 12),
('2024-03-20', '2026-03-19', 4, 3),
('2024-03-20', '2026-03-19', 4, 21),
('2024-01-25', '2026-01-24', 5, 3),
('2022-05-14', '2024-05-13', 6, 21),
('2024-06-10', '2026-06-09', 7, 5),
('2024-06-10', '2026-06-09', 7, 6),
('2023-09-01', '2025-08-31', 8, 5),
('2023-09-01', '2025-08-31', 8, 6),
('2024-11-05', '2026-11-04', 9, 6),
('2024-07-15', '2026-07-14', 10, 7),
('2024-07-15', '2026-07-14', 10, 8),
('2024-08-20', '2026-08-19', 11, 7),
('2024-09-10', '2026-09-09', 12, 7),
('2024-09-10', '2026-09-09', 12, 8),
('2023-10-01', '2025-09-30', 13, 7),
('2024-02-17', '2026-02-16', 14, 9),
('2024-02-17', '2026-02-16', 14, 27),
('2024-04-22', '2026-04-21', 15, 9),
('2024-04-22', '2026-04-21', 15, 31),
('2024-01-13', '2026-01-12', 16, 9),
('2023-12-05', '2025-12-04', 17, 10),
('2023-12-05', '2025-12-04', 17, 11),
('2024-05-30', '2026-05-29', 18, 10),
('2024-10-11', '2026-10-10', 19, 11),
('2024-10-11', '2026-10-10', 19, 22),
('2024-03-03', '2026-03-02', 20, 11),
('2024-06-18', '2026-06-17', 21, 12),
('2024-06-18', '2026-06-17', 21, 25),
('2024-07-22', '2026-07-21', 22, 12),
('2024-08-30', '2026-08-29', 23, 12),
('2024-08-30', '2026-08-29', 23, 21),
('2024-09-14', '2026-09-13', 24, 22),
('2024-01-20', '2025-12-31', 25, 2),
('2024-01-20', '2025-12-31', 25, 4),
('2024-11-01', '2026-10-31', 26, 1),
('2024-11-02', '2026-11-01', 27, 7),
('2024-11-02', '2026-11-01', 27, 8),
('2024-11-03', '2026-11-02', 28, 9),
('2024-11-04', '2026-11-03', 29, 10),
('2024-11-05', '2026-11-04', 30, 11),
('2024-11-05', '2026-11-04', 30, 22),
('2024-11-06', '2026-11-05', 31, 32),
('2024-11-06', '2026-11-05', 31, 33),
('2024-11-07', '2026-11-06', 32, 32),
('2024-11-08', '2026-11-07', 33, 33);

INSERT INTO access_controller (object_name, address, work_shedule, network_address, model, status) VALUES
('КПП-1 Главный вход', 'г. Удомля, въезд на промзону', 'Круглосуточно', '192.168.1.101', 'Hikvision DS-K2600', 'Online'),
('КПП-2 Южный', 'Периметр, южная сторона', '06:00-22:00', '192.168.1.102', 'ZKTeco ProFace', 'Online'),
('Реакторный зал - турникет 1', 'Здание РЦ, 1 этаж', 'Круглосуточно', '10.0.0.11', 'Rostelecom ACS-4000', 'Online'),
('Реакторный зал - турникет 2', 'Здание РЦ, 2 этаж', 'Круглосуточно', '10.0.0.12', 'Rostelecom ACS-4000', 'Online'),
('Пульт управления (БЩУ)', 'Здание РЦ, комната 101', 'Круглосуточно', '10.0.0.13', 'Hikvision DS-K2800', 'Online'),
('Турбинный зал - вход', 'Здание ТЦ, 1 этаж', 'Круглосуточно', '10.0.0.21', 'ZKTeco SpeedFace', 'Offline'),
('Турбинный зал - мастерские', 'Здание ТЦ, цоколь', '08:00-17:00', '10.0.0.22', 'Rostelecom ACS-2000', 'Online'),
('ЦТА - серверная', 'Корпус Г, комната 045', 'Круглосуточно', '10.0.0.31', 'Hikvision DS-K1T341', 'Online'),
('ЦТА - КИПиА', 'Корпус Г, холл', '08:00-20:00', '10.0.0.32', 'ZKTeco FaceDepot', 'Online'),
('СФЗ - Центральный пост', 'КПП-1, 2 этаж', 'Круглосуточно', '192.168.1.110', 'Hikvision DS-K2602', 'Online'),
('СФЗ - периметр север', 'Периметр, северные ворота', 'Круглосуточно', '192.168.1.111', 'ZKTeco MultiBio', 'Online'),
('ИТЦ - зона разработки', 'Корпус Д, 3 этаж', '09:00-18:00', '10.0.0.41', 'Rostelecom ACS-3000', 'Restarting'),
('Дирекция - холл', 'Корпус А, 1 этаж', '08:00-19:00', '10.0.0.51', 'Hikvision DS-K1T671', 'Online'),
('Архив секретных документов', 'Корпус А, подвал', 'По записи', '10.0.0.52', 'ZKTeco ProFace X', 'Online'),
('Ремонтный цех - проходная', 'Корпус Е, вход', '07:00-23:00', '10.0.0.61', 'Rostelecom ACS-1000', 'Online'),
('Дозиметрический контроль', 'Санпропускник', 'Круглосуточно', '10.0.0.71', 'Hikvision DS-K2804', 'Online'),
('Склад ядерных материалов', 'Изолированная зона', 'Круглосуточно', '10.0.0.72', 'ZKTeco Face-V5', 'Online'),
('Столовая АЭС', 'Корпус Ж', '07:00-20:00', '10.0.0.81', 'Rostelecom ACS-2000', 'Online'),
('Медпункт', 'Корпус Ж, вход сбоку', '08:00-17:00', '10.0.0.82', 'Hikvision DS-K1T341', 'Offline'),
('Лаборатория анализов', 'Корпус Г, комната 211', '09:00-18:00', '10.0.0.33', 'ZKTeco SpeedFace-V5L', 'Online'),
('Учебный центр', 'Отдельное здание', '09:00-21:00', '192.168.2.201', 'Rostelecom ACS-4000', 'Online'),
('Зона перегрузки топлива', 'Реакторный зал, спецблок', 'Круглосуточно', '10.0.0.14', 'Hikvision DS-K2602', 'Online'),
('Гостевой КПП', 'Внешний периметр', '08:00-20:00', '192.168.1.103', 'ZKTeco MultiBio', 'Online'),
('Криптографический отдел', 'Корпус А, 4 этаж', '09:00-18:00', '10.0.0.53', 'Rostelecom ACS-3000', 'Online'),
('СКУД-серверная', 'ИТЦ, комната 007', 'Круглосуточно', '10.0.0.42', 'Hikvision DS-K2604', 'Online'),
('Внешний отдел пропусков - ЦОИ', 'г. Удомля, ЦОИ, 1 этаж', '09:00-18:00', '192.168.3.10', 'Rostelecom ACS-2000', 'Online');

INSERT INTO group_consists (controller_id, group_id) VALUES
(3,1), (4,1), (5,1),
(3,2), (22,2),
(6,3), (7,3),
(5,4),
(8,5),
(9,6),
(1,7), (10,7),
(2,8), (11,8),
(12,9),
(13,10),
(14,11),
(15,12),
(16,13),
(3,14), (4,14), (22,14),
(17,15),
(3,16), (4,16), (7,16),
(18,17),
(19,18),
(20,19),
(13,20),
(6,21), (7,21),
(13,22),
(23,23),
(14,24),
(16,25),
(21,26),
(24,27),
(3,28),
(4,29),
(22,30),
(12,31), (25,31),
(26,32), (1,32),
(26,33);

INSERT INTO access_facts (solution, access_time, access_type, pass_id, controller_id) VALUES
('Accepted', '2024-11-01 08:15:23', 'IN', 1, 3),
('Accepted', '2024-11-01 17:05:47', 'OUT', 1, 3),
('Rejected', '2024-11-01 08:16:05', 'IN', 6, 3),
('Accepted', '2024-11-01 09:00:12', 'IN', 2, 4),
('Accepted', '2024-11-01 18:30:00', 'OUT', 2, 4),
('Accepted', '2024-11-01 07:55:10', 'IN', 4, 6),
('Rejected', '2024-11-01 14:00:01', 'IN', 4, 5),
('Accepted', '2024-11-01 12:30:45', 'IN', 7, 8),
('Accepted', '2024-11-01 13:00:00', 'OUT', 7, 8),
('Pending', '2024-11-01 10:10:10', 'IN', 10, 1),
('Accepted', '2024-11-01 10:10:30', 'IN', 10, 1),
('Accepted', '2024-11-01 16:45:00', 'OUT', 10, 1),
('Rejected', '2024-11-02 05:30:00', 'IN', 14, 12),
('Accepted', '2024-11-02 09:15:00', 'IN', 17, 13),
('Accepted', '2024-11-02 18:20:00', 'OUT', 17, 13),
('Accepted', '2024-11-02 08:05:00', 'IN', 21, 15),
('Rejected', '2024-11-02 22:00:00', 'IN', 21, 15),
('Accepted', '2024-11-03 07:45:00', 'IN', 25, 2),
('Accepted', '2024-11-03 19:55:00', 'OUT', 25, 2),
('Pending', '2024-11-03 11:20:00', 'IN', 5, 3),
('Accepted', '2024-11-03 11:21:00', 'IN', 5, 3),
('Rejected', '2024-11-03 14:15:00', 'IN', 8, 9),
('Accepted', '2024-11-04 08:30:00', 'IN', 12, 10),
('Accepted', '2024-11-04 20:00:00', 'OUT', 12, 10),
('Accepted', '2024-11-04 09:10:00', 'IN', 18, 13),
('Rejected', '2024-11-04 13:40:00', 'IN', 18, 14),
('Accepted', '2024-11-05 07:30:00', 'IN', 22, 15),
('Accepted', '2024-11-05 16:10:00', 'OUT', 22, 15),
('Pending', '2024-11-05 12:00:00', 'IN', 3, 16),
('Accepted', '2024-11-05 12:01:00', 'IN', 3, 16),
('Accepted', '2024-11-06 08:20:00', 'IN', 11, 2),
('Rejected', '2024-11-06 08:21:00', 'IN', 11, 2),
('Accepted', '2024-11-06 17:45:00', 'OUT', 11, 2),
('Accepted', '2024-11-06 10:05:00', 'IN', 15, 12),
('Accepted', '2024-11-06 19:30:00', 'OUT', 15, 12),
('Accepted', '2024-11-07 06:55:00', 'IN', 20, 7),
('Accepted', '2024-11-07 15:20:00', 'OUT', 20, 7),
('Rejected', '2024-11-07 09:45:00', 'IN', 26, 5),
('Accepted', '2024-11-08 08:00:00', 'IN', 27, 1),
('Accepted', '2024-11-08 17:00:00', 'OUT', 27, 1),
('Accepted', '2024-11-08 09:30:00', 'IN', 28, 12),
('Pending', '2024-11-08 09:31:00', 'IN', 28, 12),
('Accepted', '2024-11-08 14:20:00', 'IN', 29, 13),
('Accepted', '2024-11-08 18:10:00', 'OUT', 29, 13),
('Accepted', '2024-11-09 07:40:00', 'IN', 30, 22),
('Rejected', '2024-11-09 12:15:00', 'IN', 30, 22),
('Accepted', '2024-11-09 16:50:00', 'OUT', 30, 22),
('Accepted', '2024-11-10 08:10:00', 'IN', 9, 6),
('Accepted', '2024-11-10 20:30:00', 'OUT', 9, 6),
('Accepted', '2024-11-10 10:20:00', 'IN', 13, 11),
('Accepted', '2024-11-10 19:00:00', 'OUT', 13, 11),
('Rejected', '2024-11-11 03:15:00', 'IN', 19, 19),
('Accepted', '2024-11-11 08:50:00', 'IN', 19, 19),
('Accepted', '2024-11-11 17:30:00', 'OUT', 19, 19),
('Pending', '2024-11-12 09:00:00', 'IN', 23, 17),
('Accepted', '2024-11-12 09:01:00', 'IN', 23, 17),
('Accepted', '2024-11-12 15:40:00', 'OUT', 23, 17),
('Accepted', '2024-11-13 07:20:00', 'IN', 16, 20),
('Accepted', '2024-11-13 18:15:00', 'OUT', 16, 20),
('Accepted', '2024-11-14 08:30:00', 'IN', 24, 13),
('Accepted', '2024-11-15 09:00:00', 'IN', 31, 26),
('Accepted', '2024-11-15 18:00:00', 'OUT', 31, 26),
('Accepted', '2024-11-16 10:15:00', 'IN', 32, 26),
('Rejected', '2024-11-16 10:16:00', 'IN', 32, 1),
('Accepted', '2024-11-16 17:45:00', 'OUT', 32, 26),
('Accepted', '2024-11-17 08:30:00', 'IN', 33, 26),
('Accepted', '2024-11-17 16:20:00', 'OUT', 33, 26);
